Student,Imietest0,Nazwiskotest0,11111111111,0,0,test_st0@test.pl,test0,0,test0,0
Retiree,Imietest0,Nazwiskotest0,11111111311,0,0,test_re0@test.pl,0,0
Employee,Imietest0,Nazwiskotest0,11111111511,0,0,test_em0@test.pl,2000-01-01,test0,0
Student,Imietest1,Nazwiskotest1,11111111112,1,1,test_st1@test.pl,test1,1,test1,1
Retiree,Imietest1,Nazwiskotest1,11111111312,1,1,test_re1@test.pl,1,1
Employee,Imietest1,Nazwiskotest1,11111111512,1,1,test_em1@test.pl,2000-01-01,test1,1
Student,Imietest2,Nazwiskotest2,11111111113,2,2,test_st2@test.pl,test2,2,test2,2
Retiree,Imietest2,Nazwiskotest2,11111111313,2,2,test_re2@test.pl,2,2
Employee,Imietest2,Nazwiskotest2,11111111513,2,2,test_em2@test.pl,2000-01-01,test2,2
Student,Imietest3,Nazwiskotest3,11111111114,3,3,test_st3@test.pl,test3,3,test3,3
Retiree,Imietest3,Nazwiskotest3,11111111314,3,3,test_re3@test.pl,3,3
Employee,Imietest3,Nazwiskotest3,11111111514,3,3,test_em3@test.pl,2000-01-01,test3,3
Student,Imietest4,Nazwiskotest4,11111111115,4,4,test_st4@test.pl,test4,4,test4,4
Retiree,Imietest4,Nazwiskotest4,11111111315,4,4,test_re4@test.pl,4,4
Employee,Imietest4,Nazwiskotest4,11111111515,4,4,test_em4@test.pl,2000-01-01,test4,4
Student,Imietest5,Nazwiskotest5,11111111116,5,5,test_st5@test.pl,test5,5,test5,5
Retiree,Imietest5,Nazwiskotest5,11111111316,5,5,test_re5@test.pl,5,5
Employee,Imietest5,Nazwiskotest5,11111111516,5,5,test_em5@test.pl,2000-01-01,test5,5
Student,Imietest6,Nazwiskotest6,11111111117,6,6,test_st6@test.pl,test6,6,test6,6
Retiree,Imietest6,Nazwiskotest6,11111111317,6,6,test_re6@test.pl,6,6
Employee,Imietest6,Nazwiskotest6,11111111517,6,6,test_em6@test.pl,2000-02-01,test6,6
Student,Imietest7,Nazwiskotest7,11111111118,7,7,test_st7@test.pl,test7,7,test7,7
Retiree,Imietest7,Nazwiskotest7,11111111318,7,7,test_re7@test.pl,7,7
Employee,Imietest7,Nazwiskotest7,11111111518,7,7,test_em7@test.pl,2000-01-01,test7,7
Student,Imietest8,Nazwiskotest8,11111111119,8,8,test_st8@test.pl,test8,8,test8,8
Retiree,Imietest8,Nazwiskotest8,11111111319,8,8,test_re8@test.pl,8,8
Employee,Imietest8,Nazwiskotest8,11111111519,8,8,test_em8@test.pl,2020-01-01,test8,8
Student,Imietest9,Nazwiskotest9,11111111120,9,9,test_st9@test.pl,test9,9,test9,9
Retiree,Imietest9,Nazwiskotest9,11111111320,9,9,test_re9@test.pl,9,9
Employee,Imietest9,Nazwiskotest9,11111111520,9,9,test_em9@test.pl,2031-01-01,test9,9
Student,Imietest10,Nazwiskotest10,11111111121,10,10,test_st10@test.pl,test10,10,test10,10
Retiree,Imietest10,Nazwiskotest10,11111111321,10,10,test_re10@test.pl,10,10
Employee,Imietest10,Nazwiskotest10,11111111521,10,10,test_em10@test.pl,2004-01-01,test10,10
Student,Imietest11,Nazwiskotest11,11111111122,11,11,test_st11@test.pl,test11,11,test11,11
Retiree,Imietest11,Nazwiskotest11,11111111322,11,11,test_re11@test.pl,11,11
Employee,Imietest11,Nazwiskotest11,11111111522,11,11,test_em11@test.pl,2000-04-06,test11,11
Student,Imietest12,Nazwiskotest12,11111111123,12,12,test_st12@test.pl,test12,12,test12,12
Retiree,Imietest12,Nazwiskotest12,11111111323,12,12,test_re12@test.pl,12,12
Employee,Imietest12,Nazwiskotest12,11111111523,12,12,test_em12@test.pl,2000-01-03,test12,12
Student,Imietest13,Nazwiskotest13,11111111124,13,13,test_st13@test.pl,test13,13,test13,13
Retiree,Imietest13,Nazwiskotest13,11111111324,13,13,test_re13@test.pl,13,13
Employee,Imietest13,Nazwiskotest13,11111111524,13,13,test_em13@test.pl,2000-01-01,test13,13
Student,Imietest14,Nazwiskotest14,11111111125,14,14,test_st14@test.pl,test14,14,test14,14
Retiree,Imietest14,Nazwiskotest14,11111111325,14,14,test_re14@test.pl,14,14
Employee,Imietest14,Nazwiskotest14,11111111525,14,14,test_em14@test.pl,2000-01-01,test14,14
Student,Imietest15,Nazwiskotest15,11111111126,15,15,test_st15@test.pl,test15,15,test15,15
Retiree,Imietest15,Nazwiskotest15,11111111326,15,15,test_re15@test.pl,15,15
Employee,Imietest15,Nazwiskotest15,11111111526,15,15,test_em15@test.pl,2000-01-01,test15,15
Student,Imietest16,Nazwiskotest16,11111111127,16,16,test_st16@test.pl,test16,16,test16,16
Retiree,Imietest16,Nazwiskotest16,11111111327,16,16,test_re16@test.pl,16,16
Employee,Imietest16,Nazwiskotest16,11111111527,16,16,test_em16@test.pl,2000-01-01,test16,16
Student,Imietest17,Nazwiskotest17,11111111128,17,17,test_st17@test.pl,test17,17,test17,17
Retiree,Imietest17,Nazwiskotest17,11111111328,17,17,test_re17@test.pl,17,17
Employee,Imietest17,Nazwiskotest17,11111111528,17,17,test_em17@test.pl,2000-01-01,test17,17
Student,Imietest18,Nazwiskotest18,11111111129,18,18,test_st18@test.pl,test18,18,test18,18
Retiree,Imietest18,Nazwiskotest18,11111111329,18,18,test_re18@test.pl,18,18
Employee,Imietest18,Nazwiskotest18,11111111529,18,18,test_em18@test.pl,2000-01-01,test18,18
Student,Imietest19,Nazwiskotest19,11111111130,19,19,test_st19@test.pl,test19,19,test19,19
Retiree,Imietest19,Nazwiskotest19,11111111330,19,19,test_re19@test.pl,19,19
Employee,Imietest19,Nazwiskotest19,11111111530,19,19,test_em19@test.pl,2000-01-01,test19,19
Student,Imietest20,Nazwiskotest20,11111111131,20,20,test_st20@test.pl,test20,20,test20,20
Retiree,Imietest20,Nazwiskotest20,11111111331,20,20,test_re20@test.pl,20,20
Employee,Imietest20,Nazwiskotest20,11111111531,20,20,test_em20@test.pl,2000-01-01,test20,20
Student,Imietest21,Nazwiskotest21,11111111132,21,21,test_st21@test.pl,test21,21,test21,21
Retiree,Imietest21,Nazwiskotest21,11111111332,21,21,test_re21@test.pl,21,21
Employee,Imietest21,Nazwiskotest21,11111111532,21,21,test_em21@test.pl,2000-01-01,test21,21
Student,Imietest22,Nazwiskotest22,11111111133,22,22,test_st22@test.pl,test22,22,test22,22
Retiree,Imietest22,Nazwiskotest22,11111111333,22,22,test_re22@test.pl,22,22
Employee,Imietest22,Nazwiskotest22,11111111533,22,22,test_em22@test.pl,2000-01-01,test22,22
Student,Imietest23,Nazwiskotest23,11111111134,23,23,test_st23@test.pl,test23,23,test23,23
Retiree,Imietest23,Nazwiskotest23,11111111334,23,23,test_re23@test.pl,23,23
Employee,Imietest23,Nazwiskotest23,11111111534,23,23,test_em23@test.pl,2000-01-01,test23,23
Student,Imietest24,Nazwiskotest24,11111111135,24,24,test_st24@test.pl,test24,24,test24,24
Retiree,Imietest24,Nazwiskotest24,11111111335,24,24,test_re24@test.pl,24,24
Employee,Imietest24,Nazwiskotest24,11111111535,24,24,test_em24@test.pl,2000-01-01,test24,24
Student,Imietest25,Nazwiskotest25,11111111136,25,25,test_st25@test.pl,test25,25,test25,25
Retiree,Imietest25,Nazwiskotest25,11111111336,25,25,test_re25@test.pl,25,25
Employee,Imietest25,Nazwiskotest25,11111111536,25,25,test_em25@test.pl,2000-01-01,test25,25
Student,Imietest26,Nazwiskotest26,11111111137,26,26,test_st26@test.pl,test26,26,test26,26
Retiree,Imietest26,Nazwiskotest26,11111111337,26,26,test_re26@test.pl,26,26
Employee,Imietest26,Nazwiskotest26,11111111537,26,26,test_em26@test.pl,2000-01-01,test26,26
Student,Imietest27,Nazwiskotest27,11111111138,27,27,test_st27@test.pl,test27,27,test27,27
Retiree,Imietest27,Nazwiskotest27,11111111338,27,27,test_re27@test.pl,27,27
Employee,Imietest27,Nazwiskotest27,11111111538,27,27,test_em27@test.pl,2000-01-01,test27,27
Student,Imietest28,Nazwiskotest28,11111111139,28,28,test_st28@test.pl,test28,28,test28,28
Retiree,Imietest28,Nazwiskotest28,11111111339,28,28,test_re28@test.pl,28,28
Employee,Imietest28,Nazwiskotest28,11111111539,28,28,test_em28@test.pl,2000-01-01,test28,28
Student,Imietest29,Nazwiskotest29,11111111140,29,29,test_st29@test.pl,test29,29,test29,29
Retiree,Imietest29,Nazwiskotest29,11111111340,29,29,test_re29@test.pl,29,29
Employee,Imietest29,Nazwiskotest29,11111111540,29,29,test_em29@test.pl,2000-01-01,test29,29
Student,Imietest30,Nazwiskotest30,11111111141,30,30,test_st30@test.pl,test30,30,test30,30
Retiree,Imietest30,Nazwiskotest30,11111111341,30,30,test_re30@test.pl,30,30
Employee,Imietest30,Nazwiskotest30,11111111541,30,30,test_em30@test.pl,2000-01-01,test30,30
Student,Imietest31,Nazwiskotest31,11111111142,31,31,test_st31@test.pl,test31,31,test31,31
Retiree,Imietest31,Nazwiskotest31,11111111342,31,31,test_re31@test.pl,31,31
Employee,Imietest31,Nazwiskotest31,11111111542,31,31,test_em31@test.pl,2000-01-01,test31,31
Student,Imietest32,Nazwiskotest32,11111111143,32,32,test_st32@test.pl,test32,32,test32,32
Retiree,Imietest32,Nazwiskotest32,11111111343,32,32,test_re32@test.pl,32,32
Employee,Imietest32,Nazwiskotest32,11111111543,32,32,test_em32@test.pl,2000-01-01,test32,32
Student,Imietest33,Nazwiskotest33,11111111144,33,33,test_st33@test.pl,test33,33,test33,33
Retiree,Imietest33,Nazwiskotest33,11111111344,33,33,test_re33@test.pl,33,33
Employee,Imietest33,Nazwiskotest33,11111111544,33,33,test_em33@test.pl,2000-01-01,test33,33
Student,Imietest34,Nazwiskotest34,11111111145,34,34,test_st34@test.pl,test34,34,test34,34
Retiree,Imietest34,Nazwiskotest34,11111111345,34,34,test_re34@test.pl,34,34
Employee,Imietest34,Nazwiskotest34,11111111545,34,34,test_em34@test.pl,2000-01-01,test34,34
Student,Imietest35,Nazwiskotest35,11111111146,35,35,test_st35@test.pl,test35,35,test35,35
Retiree,Imietest35,Nazwiskotest35,11111111346,35,35,test_re35@test.pl,35,35
Employee,Imietest35,Nazwiskotest35,11111111546,35,35,test_em35@test.pl,2000-01-01,test35,35
Student,Imietest36,Nazwiskotest36,11111111147,36,36,test_st36@test.pl,test36,36,test36,36
Retiree,Imietest36,Nazwiskotest36,11111111347,36,36,test_re36@test.pl,36,36
Employee,Imietest36,Nazwiskotest36,11111111547,36,36,test_em36@test.pl,2000-01-01,test36,36
Student,Imietest37,Nazwiskotest37,11111111148,37,37,test_st37@test.pl,test37,37,test37,37
Retiree,Imietest37,Nazwiskotest37,11111111348,37,37,test_re37@test.pl,37,37
Employee,Imietest37,Nazwiskotest37,11111111548,37,37,test_em37@test.pl,2000-01-01,test37,37
Student,Imietest38,Nazwiskotest38,11111111149,38,38,test_st38@test.pl,test38,38,test38,38
Retiree,Imietest38,Nazwiskotest38,11111111349,38,38,test_re38@test.pl,38,38
Employee,Imietest38,Nazwiskotest38,11111111549,38,38,test_em38@test.pl,2000-01-01,test38,38
Student,Imietest39,Nazwiskotest39,11111111150,39,39,test_st39@test.pl,test39,39,test39,39
Retiree,Imietest39,Nazwiskotest39,11111111350,39,39,test_re39@test.pl,39,39
Employee,Imietest39,Nazwiskotest39,11111111550,39,39,test_em39@test.pl,2000-01-01,test39,39
